{
  "args": {

  },
  "dataArray": [
    {
      "isSelected": "true",
      "title": "My First Point 1",
      "subTitle": "January 16th, 2014",
      "dateValue": "16/01/2014",
      "pointCnt": "16 Jan",
      "bodyCnt": "hi <span style=\"color:red\">my html content</span> other text"
    },
    {
      "isSelected": "",
      "title": "My Point 2",
      "subTitle": "February 28th, 2014",
      "dateValue": "28/02/2014",
      "pointCnt": "28 Feb",
      "bodyCnt": "contentText"
    },
    {
      "isSelected": "",
      "title": "My Point 3",
      "subTitle": "March 20th, 2014",
      "dateValue": "20/04/2014",
      "pointCnt": "20 Apr",
      "bodyCnt": "contentText"
    },
    {
      "isSelected": "",
      "title": "My Point 4",
      "subTitle": "May 20th, 2014",
      "dateValue": "20/05/2014",
      "pointCnt": "20 May",
      "bodyCnt": "contentText"
    },
    {
      "isSelected": "",
      "title": "My Point 5",
      "subTitle": "July 9th, 2014",
      "dateValue": "09/07/2014",
      "pointCnt": "09 July",
      "bodyCnt": "contentText"
    },
    {
      "isSelected": "",
      "title": "My Point 6",
      "subTitle": "August 30th, 2014",
      "dateValue": "30/08/2014",
      "pointCnt": "30 Aug",
      "bodyCnt": "contentText"
    },
    {
      "isSelected": "",
      "title": "My Point 7",
      "subTitle": "September 15th, 2014",
      "dateValue": "15/09/2014",
      "pointCnt": "15 Sept",
      "bodyCnt": "contentText"
    },
    {
      "isSelected": "",
      "title": "My Point 8",
      "subTitle": "November 1st, 2014",
      "dateValue": "01/11/2014",
      "pointCnt": "01 Nov",
      "bodyCnt": "contentText"
    },
    {
      "isSelected": "",
      "title": "My Point 9",
      "subTitle": "December 10th, 2014",
      "dateValue": "10/12/2014",
      "pointCnt": "10 Dec",
      "bodyCnt": "contentText"
    },
    {
      "isSelected": "",
      "title": "My Point 10",
      "subTitle": "January 19th, 2015",
      "dateValue": "19/01/2015",
      "pointCnt": "29 Jan",
      "bodyCnt": "contentText"
    },
    {
      "isSelected": "",
      "title": "My Point 11",
      "subTitle": "March 3rd, 2015",
      "dateValue": "03/03/2015",
      "pointCnt": "3 Mar",
      "bodyCnt": "contentText"
    }
  ]
}